<?xml version="1.0" encoding="utf-8"?>
<extension type="component" version="4.0" method="upgrade">

    <name>Zoho Mail</name>
    <creationDate>April 2023</creationDate>
    <author>Zoho Mail</author>
	<authorEmail>zmintegration@zohomail.com</authorEmail>
    <authorUrl>https://zoho.com</authorUrl>
    <copyright>Zoho Corporation</copyright>
    <license>GNU General Public License version 2 or later; see LICENSE.txt</license>
    <version>1.2.0</version>
    <description>COM_ZOHOMAIL_DESC</description>

    <namespace path="src/">Zoho\Component\ZohoMail</namespace>
    <scriptfile>script.zohomail.php</scriptfile>


    <administration>
        <!-- The link that will appear in the Admin panel's "Components" menu -->
        <menu>Zoho Mail</menu>
		<submenu>
			<menu link="option=com_zohomail">COM_ZOHOMAIL_CONFIGURE_ACCOUNT</menu>
			<menu link="option=com_zohomail&amp;view=test">COM_ZOHOMAIL_TEST_MAIL</menu>
		</submenu>

        <files folder="admin">
            <folder>services</folder>
            <folder>src</folder>
            <folder>tmpl</folder>
        </files>
		<languages folder="admin/language" >
			<language tag="en-GB">en-GB/com_zohomail.ini</language>
			<language tag="en-GB">en-GB/com_zohomail.sys.ini</language>
        </languages>
		 
    </administration>

	<media destination="com_zohomail" folder="media/com_zohomail" >
		<folder>css</folder>
		<folder>img</folder>
	</media>
    <plugins>
        <plugin plugin="zohomailer" group="system" />
    </plugins>
	<updateservers>
        <server type="extension" priority="1" name="com_zohomail">https://raw.githubusercontent.com/zohomail/joomlazeptomail/main/zeptojoomlaupdate.xml</server>
    </updateservers>

</extension>
